11,8427
31,57125,57126
44,90,91,2906,2907,15950,15949,15829,15828,32639,29787,9362,31589,32640,32716,1053,789,794,1134,1133,1314,1259,23218,23201,6644,6643,5831,6884,6885,5371,1845,53694,9507,9506,43291,7908,2501,8150,2373,2372,2557,2707,2887,2886,3783,3784,1206,5162,8654,3805,3786,3700,12823,14039,17334,40051,572,3684,5298,12553,12575,12630,12631,3602,15607,15608,16131,19184,8709,13860,3598,13897,14743,9181,9180,8655,8696,8697,8698,8771,9371,10358,12824,6027,6026,8530,9206,11287,2617,2925,3088,8970,7566,7370,7369,34123,9529,8723,10263,13518,9624,38651,7268,7267,5427,10126,23407,25331,7924,7909,22195,22637,22954,2712,2717,13777,20086,14794,14939,15550,15365,15364,15366,55009,55010,55011,55012,55252,55253,17620,121,107,132,135,53072,484,1278,2154,2155,3385,3387,4865,5730,5732,5735,6976,9342,9798,9787,9903,40202,10483,10484,11863,11873,11874,11875,13033,13032,13499,26510,53179,53273,54947,13040,15101,15102,16627,17583,15675,9177,15860,411,407,17981,18415,20171,18472,18942,18945,18978,19048,19742,19764,19956,15306,12785,15892,15895,18496,18492,18478,18493,18494,20030,22275,16796,17420,17419,13925,14009,14282,45400,18186,18187,11657,3605,11658,18215,18212,16600,20366,18622,16482,16574,16676,12825,13855,8663,8664,22944,15042,16904,11922,11921,15630,27617,27618,28603,30267,12379,5602,19945,1242,1243,1244,4907,8173,11323,11324,11325,44284,13296,20137,20138,20416,20665,20666,20667,83178,81146,5966,5965,6045,6104,6320,6321,18624,7912,7524,27520,27725,13989,13990,14270,3189,1625,5254,5419,13118,6051,26937,18382,18383,23356,23328,3467,3466,4496,5050,4957,5165,5275,6302,9823,10810,10811,19913,15299,768,16415,5252,283,56262,56263,18096,20181,18679,18784,4456,3399,8604,8706,9278,11754,11677,11755,12332,38946,38947,38948,44066,45804,38733,38734,40395,8799,8287,10386,10385,10387,10388,18474,16678,17281,13074,33541,26935,19929,20036,5891,5858,5857,5865,5892,5938,5945,14885,16893,16892,20037,20550,20172,20520,83,80,84,85,229,1046,1613,1611,6075,12798,12930,15697,15659,5163,15672,9179,15724,9093,9094,5547,15048,15049,15749,15764,15094,73956,26526,22971,22551,23102,23422,176,175,23423,23436,23435,26490,8971,22758,20694,20727,20592,20679,16558,15635,15633,16559,4966,16908,16977,16976,15615,18266,20302,13476,6346,23203,23202,23212,23217,23250,23252,23253,23259,12876,23354,18566,17528,17919,18233,18344,7820,7997,9843,8224,1911,14429,15790,15914,15939,16060,18287,18289,24858,12891,54778,25814,23383,2450,1230,2622,6658,9491,9492,11671,14138,22657,22658,27169,32577,32578,37408,20974,13749,2529,31208,29862,27682,1803,1809,1810,32788,14769,14768,19700,19701,19702,38690,44495,44496,60987,60118,61942,61001,59701,61002,61003,61004,61005,61006,61166,65051,73418,78964,78965,79603,34086,18395,12119,4036,18443,9262,9260,7969,12333,15758,15967,18444,18473,18512,18567,19028,18912,18911,18921,19066,22354,20521,2576,3415,3419,3418,31804,29985,961,537,21757,22092,23804,23805,23806,23915,24031,25834,29986,27479,21456,20900,25887,22620,22000,5209,7610,30736,27956,2307,29383,9242,8586,14893,14925,16912,17405,9454,12783,15933,15934,44130,15779,15788,13278,13277,16213,12352,16214,56752,41663,40484,40191,5394,16490,24885,23450,20547,21285,21287,21571,21745,22053,23010,24371,24372,24449,26711,23536,16450,23538,23567,23774,23775,24412,17962,3328,18947,24549,24547,24546,24551,15636,13566,13579,13697,14000,14001,46791,80827,80836,80837,81326,14694,40804,40485,40892,41080,26948,28414,31862,31863,31864,32257,32256,32188,33454,33512,7762,6469,25899,29348,32498,36848,27616,29176,6392,6306,27942,33087,32456,30530,28455,31047,13689,31474,30930,30245,29919,30018,30248,30249,30476,32473,28109,28110,30738,31073,33542,33724,33725,33726,34919,35406,35407,30961,30963,31075,31183,28559,28706,28081,5405,28605,28786,28964,29046,29109,17116,17158,22691,80054,4558,9799,13290,13291,13643,14619,30574,25447,23597,24580,22945,25340,24553,23362,24562,24565,24723,24797,24836,24838,25025,25106,25326,25843,25152,25151,25827,16295,36234,31432,31184,30106,30107,15455,9074,30110,30180,30181,30184,31323,25237,7455,6797,18808,18809,41486,41488,42473,31325,31414,31364,31365,31366,24381,22314,22791,21619,16527,21673,21726,23291,23260,23262,23264,23266,23273,23288,15356,15317,1682,1638,1637,1673,1674,14820,14819,22296,39290,45241,46197,46198,46989,24898,24886,25521,32426,30665,30664,32294,32377,34913,35718,29251,5474,5499,18216,18646,18647,20522,20645,20648,20649,20875,21426,22049,22051,22355,24214,36831,32862,31475,31532,27497,27498,29175,37153,31546,24013,24047,3900,24370,24080,24072,23840,24076,24081,24373,24375,24233,27365,15868,14687,15870,16836,17650,17704,18680,18705,19112,19151,19135,19134,43373,54147,25416,25287,25436,25904,26012,26013,13880,26077,26036,20695,22059,22058,24807,26580,26239,13854,26322,26352,26394,10684,3169,10685,16032,15836,26395,26456,26503,26581,26602,26605,29270,28752,29452,17046,16978,4383,17365,17362,4473,23125,23072,23064,23137,23099,21141,51912,12323,35857,31772,31992,2235,31996,32743,31368,31874,34859,34864,25888,25497,25705,25706,26521,17863,17862,17864,17865,57644,28214,36757,38188,27931,33860,26557,27121,27239,26899,30400,30401,33260,8558,8557,62203,26728,26491,27183,25854,27075,27130,27131,27159,9920,3082,59097,5912,2975,8202,8203,9953,39763,35637,31805,31821,31823,32931,34983,34984,35170,34763,42031,57395,35192,29404,29403,29405,29917,27641,27644,29918,32773,32757,17380,13949,13484,50690,50247,51625,51626,51627,36486,32666,36488,32864,32947,36693,1703,1702,6430,34605,34604,34581,28356,29575,29593,29522,29524,29686,29687,34909,34910,17072,17091,34946,33826,1571,33903,29008,36426,32954,33041,34592,35776,18602,35777,35860,11681,14392,14391,2618,15279,15787,57228,57290,57291,35914,28303,28304,34648,36697,36752,31418,30671,35899,35900,37056,12116,11251,11285,4885,24066,38424,75800,8064,8063,40276,39031,35431,33944,33945,44058,36479,36480,40482,38366,39510,39511,39512,39606,38492,38493,39194,18162,22278,57657,57658,83495,83498,83588,36657,35976,36169,6695,42498,42499,42500,36220,36400,26855,27220,27363,24247,24248,24322,28270,22746,20898,22747,24490,27274,52233,51543,54764,54766,54821,55419,1849,525,27237,39376,39760,39761,39464,39465,39466,39468,38783,39469,39473,39474,39567,39531,39568,39594,7600,39595,39601,36811,36829,22521,22522,36830,37340,16538,22761,15794,45481,45494,67192,36754,36568,36591,12722,1276,37751,39127,39128,39129,39130,55516,2220,32412,7273,35513,42368,2798,2797,13155,13157,13156,38969,38968,5117,5116,5118,5119,53496,53497,34524,34525,37543,31722,36756,36921,37028,41580,41215,41261,22020,22022,27965,27966,27967,28237,33867,33868,43957,46701,38674,43869,54615,14410,14409,50209,50210,50212,55485,50288,43279,44720,43955,37556,37550,37599,36401,36941,36943,36978,36994,37256,34782,32100,33284,33285,34781,30640,30676,32837,47092,47093,47094,47237,47568,43078,12589,12590,36823,49727,34532,49728,49729,38754,38755,39764,39765,39832,12692,43936,43938,51137,55052,55162,55163,55164,75830,39921,40052,40252,40258,40286,15791,12470,15792,48232,48247,45359,46407,46409,46423,46363,46364,46365,46366,46367,49877,49874,49876,53433,53434,53435,76328,50303,43441,43380,10880,10879,50301,50264,51337,50297,36833,36304,63911,57652,41697,40795,45113,32549,57649,48832,44721,43956,37766,37966,37962,34156,34155,36126,37963,37964,37965,37969,38015,38071,42222,44188,45106,46237,47121,45577,46142,43159,63376,37400,37458,37731,7781,196,73576,83824,67374,67268,41680,44844,31652,28431,43910,40429,27117,27120,50601,55619,61608,57072,60963,50118,50119,38141,38602,38111,38603,39033,40006,39643,39644,39917,34184,2258,38243,39533,39534,39537,39549,39548,39918,29761,39919,44292,39607,39655,39667,44293,43625,43723,9385,20552,19207,19225,19226,20553,12373,40199,43292,44030,84265,55551,47253,48336,46277,47159,47962,47227,48151,46539,46536,4145,46737,46983,48152,47011,40358,74421,50538,46036,69112,74423,81969,55778,35242,35243,42632,42633,56111,56114,33985,33986,33994,34085,34118,34166,37778,33760,27609,33761,34872,37777,42673,14320,49696,43862,43788,43863,43964,44107,44105,27437,10430,27438,44106,44108,44258,44472,61890,33679,33680,66902,34696,34936,35080,35468,36102,51263,50227,46171,50229,50901,51295,51297,53071,53070,63155,60964,51384,47597,48329,48447,48567,48041,48040,46202,50489,54641,54642,48498,45589,49113,49114,48569,47771,47824,46747,48426,48893,51567,47845,47846,51385,49629,49630,50166,50509,50721,50420,50419,50645,51152,51181,51179,51239,51489,49832,54280,51537,51538,52079,52089,55378,53369,56982,42044,17765,17766,17767,19008,19005,18753,20356,38092,38229,27460,57579,75980,79317,79576,78754,21715,21714,47723,73409,40458,49623,49625,52375,75828,75726,40389,42900,58459,40039,3503,3500,3499,8239,11301,11292,19278,9041,9042,38979,64098,64099,64100,64101,41136,41137,116,44221,49862,58460,58478,41581,41993,39929,38851,39930,39931,39933,39934,40222,42058,42059,56900,62100,31752,31579,31982,31984,32304,61109,32597,32598,59434,61110,61169,53137,53248,52493,52642,53249,55383,55566,55567,55588,54892,55914,55915,56303,56937,56938,63298,63297,63299,63888,57580,63575,59099,8450,8449,15357,15318,15331,15394,15396,345,53824,40043,42331,42267,42332,42374,42375,44118,45149,45150,45410,8852,8851,37958,37959,54404,51853,76329,56530,56779,14373,14372,43329,53544,58018,84600,79682,79681,79679,79702,63490,61730,63377,63491,63523,37017,37013,69303,47293,47292,46762,46761,49594,64319,64321,64860,66534,63649,65642,63579,60176,17526,467,52655,52656,60177,60104,63112,43319,45776,49817,63150,63146,70825,38730,40942,41189,71444,69224,47538,47539,84706,65678,13933,18304,66206,65340,65218,65549,65707,65992,66250,66251,66295,63914,63582,63717,4969,4725,63715,63815,66146,84832,56215,55309,55310,45031,15584,50059,4041,4040,50060,49540,80512,56216,56127,61523,61342,61744,61402,62204,61824,62316,62859,63095,63124,63043,63041,64849,71481,65476,1822,1821,65252,66731,27477,15765,68168,68166,74554,43998,43996,43999,69274,66507,66263,66264,66510,69443,69484,69485,69708,70492,70748,1816,1756,6473,29056,29057,29058,29066,29106,29108,33737,33738,37598,70750,71387,72263,37953,37952,71316,71961,72232,71048,71046,71065,71277,70133,72172,72387,72663,71259,71201,71261,71202,71168,71203,71204,71250,71275,72860,72994,73088,67238,67277,67389,73729,73651,83946,56277,56426,56513,56514,13920,57255,56783,56784,57016,22224,80076,57297,57364,57423,57469,77260,77016,77261,77268,78535,80055,80209,81479,84814,85944,52217,57051,78655,78654,83422,55255,55254,55795,85609,56781,19769,56980,56986,56987,82352,29677,28536,28552,29716,34998,60652,60656,60657,73673,79703,79736,79737,79883,55063,79644,79646,79647,81659,81660,81661,81685,81913,81914,82722,83317,79885,79911,80108,75238,43911,43913,44540,45408,53086,70932,66942,66951,67758,15827,15814,67757,76493,70934,74004,75237,75240,80491,80536,80297,80306,85637,85404,82623,56217,81213,24754,24753,27027,59483,81214,81887,81945,82066,83174,83175,83179,83180,83181,83200,83197,83214,83215,83420,83421,83438,83492,81994,81183,76911,76914,77082,78310,78541,78542,80841,80842,82927,82928,85517,82503,85518,85802,85405,85407,85578,85592,85611,85308,85210,85384,85548,85549,56150,85585,85715,85643,85644,85645,85646,85967,395,394,396,13191,2908,81684,80092,82029,82087,85803,81720,81999,82497,82498,85879,27744,28898,28895,28894,37690,37636,35278,35317,35529,37184,36819,36820,37044,37072,37073,37296,37316,37378,37586,30059,28531,32339,32340,37584,64088,63963,41273,66556,28275,49163,53948,78232,51226,68073,68074,37582,37691,83202,72528,72553,72603,72604,72686,72687,70035,74290,74291,71563,73021,75067,74015,74014,74013,74271,74272,74273,39036,75838,75840,46073,75632,75633,75634,75367,75602,72256,72260,72261,72375,72374,72376,71821,72876,72421,72673,71710,71564,71922,71988,71990,71886,71450,71977,71978,71979,71991,71887,72206,72343,72344,72345,73116,76770,77202,83131,44125,71938,71939,71940,61525,22603,19052,45433,69255,83628,52736,52735,55511,54914,54916,84847,73839,76980,76983,84305,84306,66054,66053,66218,66219,66255,61821,63693,63694,63697,63698,66347,66697,66856,66928,67376,67393,67587,67718,67719,67795,67949,67017,83545,83546,83548,55577,55578,7776,3077,9545,17471,17472,41042,41043,43848,43849,55594,55596,57147,57148,56794,77610,76677,76675,53378,76805,48148,48947,76843,45599,76844,76934,76949,78603,77331,77414,45411,45357,45358,50825,50826,51464,51472,51473,51498,51497,51499,48306,42751,61138,65028,28831,73982,59325,59326,63889,63890,83558,83560,83657,58630,58814,58955,74955,75900,68800,68799,42402,74530,74531,78710,78772,79286,79399,79400,79731,79732,79733,84069,84124,78699,54483,51459,55291,35137,55106,55058,55152,78287,56812,56813,52419,52420,52818,53795,43725,46808,46809,83821,83820,83822,83823,57651,54870,7416,54985,55170,83402,83403,46627,49335,10704,10703,46739,49675,49840,49841,49981,43493,43950,43951,43952,43953,4734,4501,9187,81229,81230,42860,48310,31690,74331,74332,82091,82092,55118,55119,70589,70590,63896,36592,67190,42396,1915,1916,57569,26492,27234,27233,26674,78948,75082,75839,36060,64044,64037,64036,64045,28791,35430,42699,52267,53723,55055,55056,56058,37057,80813,81138,81137,81258,81259,82332,82572,83329,83349,83350,86102,66177,68877,68878,33910,33911,35371,35372,29592,51690,51939,4976,4975,17008,51938,51644,54316,54719,34783,1356,35127,35300,35402,35408,35525,35546,27240,38187,38186,32690,23363,38975,27364,34206,34753,13632,31547,31548,77418,55213,55214,32425,16945,29733,29745,29746,32650,33358,33489,37805,37804,63568,63569,25828,33930,33931,35290,38571,38569,38568,38570,28318,29086,25350,25348,25978,25979,26852,63407,63395,42696,42697,34585,28319,35019,29033,29029,33511,32258,60341,17588,40184,9939,49138,13751,2547,35195,38630,20914,23384,25811,22682,25812,39046,27334,27335,27336,23011,42125,4455,4495,4498,18783,18782,14272,11631,8916,13207,16544,16543,23825,25992,42495,42496,43361,7951,2964,43310,43311,20344,21066,13765,39028,52543,52477,53003,53004,40506,53328,15859,15923,15922,17943,38907,40369,40519,38678,13149,15527,44668,44669,41007,41008,55326,55327,44036,44037,80804,13861,22796,84155,16141
95,729,4962
274,275
280,281
294,3472,4460,13309,13304,13867,14964,15676,15670,15579,15671,17792,17793,18406,53239,3497,3514,10206,15470,15475
346,359,15631,15632
356,4337,45969
517,5085,5056,5086
636,637
709,711
745,769
889,892
943,944
998,999
1188,1191
1223,1346
1246,1247
1254,1255
1286,1287,21327,35354,53949,53950,84537,84538,84539
1370,4884,9876,9877,12654,13834,13606,14393,14394,14688,15267,15268,16359,16360,18916,17703,17702,17701,18897,18896,18925,18924,18900,20629,82935,82936,38399,55196,80779
1379,1380
1428,1429
1566,1567,40707
1880,1881,1882
2222,9060
2241,2242
2244,2245
2295,38881
2481,13153,13154,13759
2537,2538,2540,2542
2570,3365,3374,12669,12668,12670
2634,2635
2645,2646,2901,2900,3003,3002,2995
2659,33964
2814,2857,2858
2832,2895,2917,2918
3117,3118
3130,3131
3412,3413,23163
3436,3531,3534,78485
3439,15813,15812
3484,3671
3489,3490
3555,3556
3571,3572
3615,3616,14629
3691,3866
3701,12331
3779,3780
3868,13090
3983,3989
4067,4068
4072,4073
4125,5102,5103,5104,5500,8720,8722,15282,18198,19172,27174,27175,27176,8482
4188,4189,4190,4191
4300,4301
4398,4399
4417,4418
4729,50289,49252,50290
4889,4890
4952,23516,25261,26341,26527,26528,26633,26634
4999,5159
5037,15595
5060,27034
5074,5075
5137,5139,5153
5226,5228,5229
5268,5269
5322,5323
5340,5341
5438,5439
5497,5498
5512,5527
5529,12546,12602,8988,8987,8989,13109,43150,43151,46523,46524,52502,52511,52555,22721,22722
5583,23504
5613,5614,5615
5629,5631,5632,5645,5646,5664,5665,5689,16736
5691,5692
5693,38703,38269,40021
5792,5793
5847,9979
6011,6012,6137,6138,6665,6667,6668
6056,6057
6289,7308
6291,6292
6318,13170,13171,13172,13259
6362,6364,6365
6437,6449,6451,6455
6648,6649
7225,7236,7238
7384,7538
7404,18192
7421,7422,7423
7774,7775
7779,7879
8062,12696,15319,57244
8306,8307
8391,8393
8485,8486
8676,8688
8701,8775,8776,17493,17491,57110
8794,8894,8918,8919
8953,36206,36208
8977,8986,13327,25205,68327,68328,83854
9058,57241
9087,9088
9102,9103,9104,13804
9163,9164
9270,9271
9343,9345
9366,12736,51695
9399,9400
9427,9655
9660,9661
9681,9683
9753,9754
9769,9771,10902,13833
9783,9784,9785
9816,16091
9921,9922,45580
9996,38511
10250,10251
10301,10335,10336,10339,16672
10307,10308
10441,10442
10519,10520,10521
10543,10544
10629,10631
10637,10638
10789,10790
10952,10953
11008,11113,43032,43596,55187,57079,57080
11017,11018
11024,18009
11028,11029
11072,43867
11075,11076
11098,11099
11225,11317,11318,11337
11229,11234
11244,11245,11246
11283,11284
11413,13301,18634,77719
11714,11721
11881,44553
11888,18759
11999,22801,22802,22811,22812,22816,22817
12148,12149
12155,12156,12157
12166,12515,52793
12182,12183,52436
12189,51184
12210,12211
12258,16365,23788
12296,12297,12298
12382,12383
12387,12399
12410,12411
12526,54055
12580,12581
12671,12682,13673,13602,13601
12672,17817
12684,12685
12688,12794
12788,13373,54263
12856,15428,15581,15490,15451,15580
12887,12888
12902,12903,13120,13102,13121
12939,12940
12955,14215
13231,13232,15767,18517,57304,57305,86106,86107
13321,13322
13358,13359
13391,13402
13478,13479
13511,13512
13731,13732
13935,22011
13942,13944
13983,14591
14002,14003
14028,17148,17149
14090,52678
14128,16014
14148,14149
14150,14151
14158,14159,14396
14554,14555
14709,14710,14711
14731,14732
14750,14751
14955,14957,14958
14989,15038
14994,15162
14998,14999
15015,15016,15017,15018
15091,15092,18111,18119,19921
15119,16584,16585
15126,15198
15138,15139
15144,15333,15334,15346
15171,15172,15188
15174,22723,22724
15232,15233
15234,15235
15351,15352
15448,15449
15500,15501
15504,15540,15542,15543
15596,15597,15598
15599,15601,15661,15702
15613,15614,18760,18761,20967
15682,55496
15685,15686
15782,15783
15789,16105,16106,23792,23791
15807,15808
15918,15920,15982
15943,15944
15951,15952,22605
15980,15981,18408,18411
16084,17139
16120,48082
16186,16187
16223,16225
16269,16270
16465,16466
16556,16557
16597,16599
16607,16671,16669,16644
16628,16645,16646
16633,16634
16640,16641
16717,17951
16741,16742,57201
16807,22307
16834,16835,45712
16839,16840
17161,17206
17617,23797,55243,57210,57211
17641,17658
17648,17709,17751,25731,25745,25746
17711,17712,18387,18448
17827,17828,42916
17855,17856
18230,18231,57034
18235,18236
18250,18251
18291,23054
18349,24173,18427
18351,18353,18402
18363,18366
18429,18430
18504,18505
18543,18544,18589,18590
18568,18569
18575,18576
18607,18610
18681,18682,18708
18748,18751
18895,18966,21410,84396
18906,18907,18944,19013,19200
18919,18920
18935,18936,18937,18938
18952,18953
18984,18985
19000,19001
19073,19074,19077
19119,19120
19255,19256
19263,19264
19758,19759
19840,19841
19979,19980
20227,20234,20235
20238,20239
20260,20287
20298,20301
20319,20320
20338,20341
20409,20410
20424,20425,20427
20429,22517
20542,20543
20769,20770,21498
20889,20890,20892
20997,22009,22238
21016,21018
21033,21034
21082,21084
21200,21202
21303,81696
21521,21522
21884,21885
21901,21902,21904
21986,22271,22272,22273
21993,22029
22004,22062
22201,22202,22203
22213,22214
22328,24016
22356,22357
22570,22571,26867,26868,26869,28986,28987,28988,74164
22692,22693
22705,22709
22711,22712
22776,22778
22828,22829
22893,22894
22967,22969
22994,22995,23003,37984,37986
23007,23012,23021
23033,23034
23133,23134,52935
23166,23167
23424,57541
23456,23457
23557,23558,23559
23635,23636
23675,23676
23710,23711
23873,23874
23881,23882,23884,25309
23896,23898
23910,23912,23913
23986,23988
24026,24029,24032
24139,24140
24174,24175,24176
24279,24280,24281
24307,24308
24480,24484
24541,24542,24558,24559,24560
24813,24814,24815
24831,24832
24942,24943
24968,24969
25010,25036
25031,25032
25121,25123
25324,25325
25370,25388,25389,25513,25514,25515,25524,25523,25584,26033,26041,26068,26069,26575
25533,25534
25622,25625
25628,25631
25781,25786,25787
25810,26737,26739
25829,25830
25914,25916
25948,25949,25950,25951,25952
26032,26058
26305,26306
26323,26324
26463,26466,26467
26539,26540,26541
26560,27113,27114
26655,26656,76288,76289
26726,70790
26806,26807
26942,26996,26995
27001,27002
27007,27248
27179,27180
27216,27217,27228,27227,27231,27270
27246,27247
27266,27323
27310,27311,27312
27351,27352
27379,27380
27400,27401,27402
27530,27566
27546,36467
27557,27558
27613,27614,28359
27814,27815
28002,28003
28023,28024,28025,28026,28045,28130,28229
28097,28100
28115,28117,28118
28184,28185
28298,28299
28347,28348
28358,28369
28636,28637
28749,29043,29044
28837,29154,29155
28851,28852,28853,28989,28990,28992
28863,28864
28881,28882
29070,29071
29081,29082
29094,29095
29101,29102
29448,29449
29527,29528
29679,32595
29811,29813
29826,29827
29854,30105
29859,30632
29887,29890
29903,29904,29905
30008,30009
30119,30120
30122,30123
30298,30299
30643,30644,30645,30646
30708,35520,35521
30733,35552
30748,30749
30906,30907
30908,30909,30910,69641,69643,69644
30914,30915
31112,31120
31169,31170,31171,31172,35001,35003
31209,31260,36455
31236,31237
31401,31404
31451,31452,31806
31571,31574
31592,31593,31594,31595
31633,31635
31812,31813
31876,31877
32020,32025
32112,32116
32203,33308
32215,32216
32227,32229,32289
32248,32251
32286,32287
32297,32298,32299,32300
32317,32319,32320,32321,32599
32332,32333
32372,60926
32387,42735
32405,32406,32407
32541,32542
32752,64350,64351,64352
32857,32858
32891,32892
32979,34478
33065,33069
33114,33115,33116
33176,33178
33225,33226
33430,33438,33439
33566,33567
33599,33600
33646,33647
33687,67505
33768,33769,34705
33832,42539,42540
33870,33871
34025,48655,52707
34059,34060,60437,60637,61203,61011,61834,61835,61836
34180,41853,41854,41855
34223,34241
34420,34421
34436,34779,34780
34440,34441
34445,34446
34570,34571
34587,34589
34743,34745
34797,34798,35736
34838,34839,34840
34882,34883,34884
34993,34994
35096,35097
35263,35264
35418,35419,35424
35442,35443
35477,35480,40762,44062,44063
35564,35566
35634,35636
35674,35676
35705,35706
36005,36006
36024,36025
36026,36027
36094,36096,37630
36145,36202,37096
36189,36190,37052,37053
36268,37270
36318,36319
36393,36394
36660,36661
36957,36958,36959
36974,36975
37008,37010
37327,37616,42469
37423,37424
37565,37566,37567
37789,37790,37791,37792
37829,37830
37889,37890,37891
37903,37905
38005,38006
38046,38047
38180,38181,71928,71929
38315,38316,40477
38432,39314
38440,38441
38448,38451,38452
38597,38598,69656
38621,38622,38624
38644,38822
38649,38650
38711,38712,38713
38726,70001
38744,38745
38762,38763
38838,38839,38840,38841
38890,38891
38927,38928
38955,38956
39098,39101
39405,69325,69326,69736,70761
39438,39439
39493,39494
39558,41122,41124
39677,39679
39793,39815
40092,40093
40240,40241
40394,41179,41180
40499,40500
40528,40529
40972,40973
40989,40990,40991
41012,41013,41014
41177,41178
41281,41282
41627,41628
41956,41957
41958,42424
42045,42136
42128,42129,42131,42132,69350,71099
42184,42189
42242,42244
42313,42702
42440,42441,42442
42521,42522
42798,42799,73759
42837,42922
43025,46497
43101,43116,43126
43187,43188
43250,43251
43348,43350,43351
43416,43417
43420,43421,43422
43423,43424
43855,43856
43905,43906
43942,44241
43972,57078
43987,43988,43989
43993,44793,45005,45006,45143
44010,44011,44013
44200,44201
44382,44383,44384,44385
44412,44413
44463,55367,55368
44474,44475
44477,44478
44488,44489
44530,44820,44823,44848,44849,44872,44873,45563,47633
44596,44597,44797
44765,44767
44813,44815
45225,45226,45453,45454,45455,45503
45393,45465,45466,45637
45472,45487,45488,45489
45670,45672,45753
45675,49974
45695,45696
45721,45722
45762,45764
46025,46026
46028,46032,46088
46060,54555
46181,46449
46286,46288
46327,46336
46382,46383,46384
46546,46547
46561,46562
46563,46564
46632,46634
46684,47089,47290,48320,48321,48322
46810,46811
46998,47181,47182,47183,47184,47277,47279
47195,47196
47200,47202
47241,47245
47514,47515
47936,47938,47939
48025,48030
48113,48114
48133,48136
48337,48338,48564,48566
48552,48553
48579,48580
48594,48595,48596
48772,48773,48774
48918,49690,49691,51678,51864,51865,53395,49768,49735,51162,51848,54723,54873,55122,55123,55545,77659,77660,57269,53396
49096,49097
49124,49125
49217,49218
49296,49297
49333,49334
49573,49575
49582,49583
49622,49898
49650,49651
49747,49749
49773,49774,49776
50087,50088
50203,77358,77359,77565
50219,50220,50223,50813,50814,50841,50842,51304,54443,54532
50673,50674,50675
50724,51554,51555
50781,50782,50783,50784
50962,50965
50974,50975,50976
51063,51065
51641,51642,51643
51716,51717
51742,51744,51746
51797,51798
51799,52050
51899,51978,52007
52173,52174
52220,52221
52271,52272
52614,52615
52619,52620
52648,52649
52651,52652
52721,52722
52727,52728
52734,61600,61601
52900,52902
52911,52912
52964,52965
53144,53145
53392,53444
53430,55013,55014,55107,55109
53507,53508,53509
53626,53627,53629
53646,53648
53759,53771,53772
54004,54005
54042,54043
54328,54329
54335,54337,54338
54401,78037,78043
54420,54421,54423,54425,54426,54427,81058
54440,54441
54500,55749
54646,54647,54648,54650
54698,54709
54713,54714
54955,55143,55144
55211,55212
55224,55225
55266,55391,55393
55271,55272
55334,55336
55341,55342
55424,55426,55427
55437,55438
55503,55504
55507,55508,55510
55529,55530,55531
55546,55597
55556,55557,55558,55579,55580,55581,55633,55634
55560,55561
55636,55637
55643,55645
55802,55803,55817,57399,76032,76388,76419
55852,55853
55917,82077,82078
56049,56050
56145,56146,56157,56158
56375,56376
56421,56423,56424
56460,56461
56477,56568
56485,56486
56499,56501
56502,56511,56512
56510,56580,56594
56536,81000
56597,56598
56745,56746,56747
56754,56755
56836,56837
56886,57002,57003,57004
56964,56965
56966,56969
57149,57151
57182,57183
57292,57293
57348,57349
57350,57352
57458,84652,84763,84765
57499,57500,57501,57502
57509,57510
57518,57519
57570,57571
57599,57600
57835,57836
58060,58061
58343,58344
58672,58673
58848,58849
59088,59478,59479,59480,59481
59185,59186
59238,59240
59316,59317
59320,59441
59499,59500,60549,60548,60546,60562
59599,59600
59630,59633
59661,59662
59678,59679
59694,59695,60498
59725,59727,67375
59729,62721
59780,60759,60955,60956,64077
59892,61541
60073,60082,60083,60084
60126,62669
60294,60295,60300
60386,60390
60460,60501,60676,60894
60525,60527
60566,60567
60576,60577
60581,60582
60686,60687
60719,60720,60723
60738,60739
60740,60741,61746,61747
60829,60912,60917
60962,61183
61119,61120
61121,61122
61191,61193
61316,61904
61333,61334,61338
61341,61543,61542,61540,61544
61428,61429
61448,61452,61650,61925
61506,61507
61565,61566,61567
61806,61807
61912,61915
61998,62000
62030,62031
62032,62034
62302,62303,62304
62308,62309
62470,62471
62546,62548
62561,62565
62628,62629
62682,62683
62691,62692,62693
62944,68339
62988,62989
63231,63232
63284,63285
63739,63753
63750,63751,63752
63803,63804,63805
63883,63884
63966,63967
63977,63978
64030,64031,64032
64066,64068
64094,64095
64314,64315
64358,64435,64436,64437
64366,64424,64425
64371,64372
64373,64376,64377
64401,64402,64403
64432,64985
64512,64553
64892,64893,64968
65159,65354
65521,67404
65712,65884
65870,65871,65872
65890,65891
65902,65903,65904,65924,65925,65926,65927,66224
65988,66123,66124
65998,66000
66092,66093
66285,66324
66706,66707
66739,66740
66797,66798
66799,66800
67020,67121,67123
67032,67254,67369,67370
67061,67062
67075,67077
67243,67245
67645,67646,67650,67696,67697,67698
67700,67702
67929,67930
68002,68003
68019,68020,68021
68140,68141,68142
68150,68153
68163,68173,68279
68189,68191
68196,68197
68199,68200,68239,68264
68259,68262
68316,68317
68351,68353,68354
68358,68359
68508,68509
68584,68586,68587
68614,68615
68634,68635,68790
68748,68749
68908,68909
69025,69027
69033,69034
69060,69061
69062,69064
69089,69186,70915,70916
69327,70834,70835
69380,70848,70849,70904,70905
69381,69382
69399,69401
69408,70512
69421,69424
69437,69439
69462,69463
69464,70821,70822
69466,69468
69498,69499
69533,69534
69547,69548
69649,69713,69714,70292,73170,73171
69673,70062,70065
69692,69693
69750,69751
69790,73573
69825,75308
69858,69859
69862,69863
69873,69874,69875
69961,69962
69983,70150
70044,70046
70090,70276,70278
70117,70118
70159,70160
70219,70536
70226,70227
70265,70266
70353,70413
70607,70608,70609
70616,70617
70619,70620
70767,70768
70811,70812,70813,70815
71031,71032
71034,71036
71179,71180
71191,71192
71304,71306
71503,71504
71540,71541
71762,71764
71843,71844,72412,72413
71906,71909
71932,71933,72636,73187
71945,71946
71958,72048,72050,72051
71963,71964
72430,72431
72434,72435
72466,72467
72530,72531
72617,72618
72675,72676
72712,72833
72724,72725
72751,72752,72753,72863
72847,72848
72850,72852,72853
72894,72895
73060,73062
73265,73266,73591,73592
73283,73285
73306,73307
73392,73393,73394,73395,73440
73565,73566
73611,73624,73623,73628
73620,73621
73707,73708
73720,73721
73869,73870
73926,73927
74048,74051
74070,74071
74087,74088
74112,74113
74146,74147
74160,74161,74162
74196,74199
74200,74201
74262,74263
74303,74304
74565,74566
74941,74942
75094,75095,75096
75252,75253,75254
75298,75299
75315,75316
75371,75372
75412,75413,75414
75431,75432,75434
75468,75499,75501
75480,75481
75593,75594
75622,75623
75832,75833
76161,76162
76203,76204
76213,76214
76282,76283
76303,76304
76330,76332,76333
76510,76511
76705,76706,76709
76741,77155
77194,84437
77222,77223
77299,77301
77350,77751,77752,77815,77816
77356,77357
77376,77377,77378
77382,77383,77384
77386,77389
77450,77451
77519,77664,77665,77809
77604,77606
77701,77702
78104,78106
78115,78117
78528,78590,78610
78681,78682
78727,78728
78821,78822
78957,81657,83151,82145,82128,82127,82143,82146,82162,82171,82462
79004,79005,79363
79171,79172
79343,79345,83754
79427,79428
79618,79619
79714,79715,79716
79717,79718
79782,80321,83613
79802,79804
79822,80168,80169,80317
79835,79837,80446,80445,80447
80197,80198
80220,80221,80822,80823
80347,80348
80384,80385,80386
80526,80527,80528,80530,80532
80555,80558
80608,80609
80794,80795
80849,80850
81039,81040
81093,81095
81157,81158
81198,81200
81371,81372
81413,81647
81526,81528
81665,82578
81667,81668
81740,81741,81742
81768,81769,81770
81892,81893
82008,82010
82017,82018
82112,82136,82147,82452,82453,82454
82211,82223
82375,82376
82629,82687,82689,83137,83138,83139
82733,83382,83383
82895,82896
82929,82930
82967,82968
82969,82970
83031,83034
83294,83295,83296,83297
83361,83362
83406,83407
83409,83411,83413
83457,83460
83553,83607
83704,83705
83775,83777,83878,83920,84044
83779,83780,83783,83784
83967,83968
84027,84028,84029,84030,84031
84095,84096
84140,84141
84157,84158
84178,84180
84221,84222
84236,84769
84332,84335
84337,84338,84596
84342,84343
84360,84361
84453,84454
84469,84470
84473,84474
84502,84503
84535,84536,84726
84553,84554
84656,84657
84673,84720
84730,84731
84783,84784
84796,84797
84946,84949,84950
84963,84964
85033,85034,85042
85067,85068
85159,85160
85252,85253
85429,85431
85530,85532
85668,85669
85721,85722
85908,85909
